,Mean_Expression,Train_RMSE,Test_RMSE,Train_R2,Test_R2
AGRN,3472.09,359.86,1845.89,0.99,0.88
VWA1,1686.8,632.78,1230.79,0.92,0.69
MMP23B,55.73,33.14,48.96,0.82,0.64
MEGF6,1879.86,991.1,1258.0,0.86,0.69
MASP2,733.22,257.08,943.23,0.99,0.84
ANGPTL7,224.77,63.55,706.54,1.0,0.07
PLOD1,4601.27,835.32,2141.52,0.91,0.56
CELA2A,30.41,23.26,177.17,0.96,0.42
CELA2B,7.68,4.32,29.95,0.95,0.44
MST1L,426.72,347.99,839.8,0.93,0.64
MFAP2,220.51,18.44,354.56,1.0,0.25
VWA5B1,28.02,22.93,111.55,0.91,0.5
HSPG2,11405.76,3432.99,6694.74,0.94,0.81
CELA3B,48.71,69.36,214.53,0.91,0.24
CELA3A,115.69,30.17,495.93,1.0,0.51
WNT4,76.53,58.14,96.51,0.78,0.04
C1QA,2707.99,1791.98,2940.31,0.9,0.71
C1QC,2417.32,1023.79,3014.6,0.96,0.63
C1QB,4129.7,3616.4,4743.29,0.86,0.73
FCN3,4762.22,5451.89,12887.76,0.85,0.29
MATN1,13.67,6.95,14.31,0.92,0.17
SDC3,3748.04,539.2,2038.48,0.99,0.85
TINAGL1,5989.95,1645.14,3706.68,0.95,0.72
COL16A1,3008.5,1215.76,2604.58,0.9,0.61
COL8A2,376.95,204.31,287.89,0.84,0.66
RSPO1,83.9,55.55,143.04,0.94,0.62
BMP8A,32.25,14.52,18.54,0.75,0.63
BMP8B,164.48,55.67,133.13,0.88,0.34
COL9A2,1017.53,886.15,1655.79,0.82,0.42
ARTN,71.21,27.9,88.41,0.95,0.21
PODN,2744.42,1246.66,2804.53,0.92,0.52
CDCP2,3.59,2.72,5.12,0.76,0.33
ANGPTL3,921.35,459.6,1613.36,0.99,0.84
INSL5,1.48,1.84,2.61,0.72,0.42
COL24A1,240.03,134.86,279.86,0.91,0.68
COL11A1,162.9,123.46,337.3,0.94,0.52
NTNG1,223.32,75.52,263.4,0.97,0.69
FNDC7,6.17,5.01,8.11,0.76,0.34
CSF1,2716.21,686.82,1777.79,0.97,0.75
OVGP1,327.94,132.48,208.03,0.87,0.63
WNT2B,519.83,174.01,329.58,0.92,0.68
NGF,145.78,28.6,153.58,0.99,0.67
REG4,4.87,7.75,25.27,0.82,-3.75
ADAM30,0.44,0.87,2.0,0.93,-0.04
ECM1,1834.71,772.31,1347.65,0.9,0.73
ADAMTSL4,4186.76,1930.3,2521.3,0.72,0.52
CTSS,11719.19,5026.63,8168.1,0.95,0.87
CTSK,1055.2,296.36,994.75,0.96,0.48
ANXA9,224.4,47.86,167.51,0.97,0.71
SEMA6C,5806.56,1569.98,2994.14,0.97,0.87
S100A10,6643.49,2305.76,3396.95,0.89,0.76
S100A11,25836.31,1233.13,19531.79,1.0,0.87
TCHHL1,0.26,0.7,1.0,0.57,-0.11
TCHH,22.11,13.88,27.62,0.86,0.33
RPTN,1.88,5.52,24.93,0.77,-0.51
HRNR,17.45,13.65,18.73,0.67,0.36
FLG,76.87,14.61,54.18,0.99,0.57
FLG2,46.14,8.73,125.95,1.0,-1.83
CRNN,52.0,92.62,2199.74,0.99,-390.82
S100A9,184129.71,130357.01,268435.32,0.92,0.74
S100A12,14566.55,16264.23,37159.55,0.85,0.59
S100A8,39909.73,18528.09,89497.55,0.97,0.62
S100A7A,1.09,1.08,2.37,0.95,0.2
S100A7L2,0.07,0.23,0.32,0.28,0.07
S100A7,7.68,9.96,67.51,0.73,0.06
S100A6,21956.62,9568.22,16629.74,0.87,0.63
S100A5,7.97,4.54,7.08,0.84,0.65
S100A4,13984.81,8412.08,12889.77,0.9,0.78
S100A16,2666.56,946.93,1668.99,0.9,0.67
S100A13,2892.1,1600.74,2152.11,0.69,0.31
S100A1,1097.5,457.74,748.07,0.9,0.7
ADAM15,4774.35,1366.81,2120.36,0.85,0.6
MUC1,3322.65,1217.15,5294.38,0.99,0.77
THBS3,1181.96,341.9,468.76,0.87,0.76
SEMA4A,4031.79,1473.21,3062.74,0.96,0.86
BGLAP,156.59,60.88,77.14,0.74,0.55
HAPLN2,542.69,179.31,801.7,0.99,0.73
BCAN,1304.04,353.15,936.68,0.99,0.94
ADAMTS4,4695.96,4358.04,8977.33,0.91,0.31
DPT,3211.05,465.11,3445.91,0.99,0.72
FASLG,64.91,24.78,119.27,0.98,0.53
TNFSF18,6.16,2.76,16.33,0.93,-0.28
TNFSF4,120.53,52.66,78.68,0.76,0.5
SERPINC1,4008.35,3485.0,8801.32,0.97,0.79
TNN,30.59,28.32,58.75,0.74,0.34
TNR,1134.18,7.38,887.02,1.0,0.92
PAPPA2,155.15,155.8,1188.68,0.96,0.35
BRINP2,379.8,62.14,371.83,1.0,0.93
ANGPTL1,745.32,387.3,645.51,0.81,0.48
FAM20B,2682.5,720.44,956.77,0.83,0.77
LAMC1,9612.75,3415.01,4449.5,0.88,0.82
LAMC2,724.58,191.73,1173.26,0.99,0.55
HMCN1,1171.08,188.04,932.61,0.99,0.79
PRG4,2030.22,1307.44,5248.91,0.97,0.43
BRINP3,187.84,87.19,157.1,0.95,0.82
F13B,162.15,161.49,378.38,0.96,0.77
FMOD,3953.69,402.84,4240.78,1.0,0.66
PRELP,12927.31,9381.69,12345.51,0.84,0.72
IL10,16.41,22.44,38.29,0.63,-0.34
IL20,2.05,2.26,11.27,0.95,0.26
IL24,242.01,113.83,530.42,0.93,0.12
PLXNA2,4188.87,859.08,2517.23,0.96,0.66
LAMB3,913.43,578.32,985.92,0.9,0.69
TGFB2,344.6,197.49,359.64,0.81,0.47
LEFTY1,44.39,21.33,64.62,0.91,-0.02
LEFTY2,57.08,61.64,85.31,0.8,0.5
WNT9A,814.39,468.85,1245.23,0.91,0.18
AGT,8972.92,3170.26,11067.46,0.98,0.68
EGLN1,11607.32,5288.57,9117.19,0.93,0.77
NID1,5710.59,2597.72,4389.84,0.86,0.63
LGALS8,2772.39,783.61,967.07,0.81,0.73
TPO,229.19,286.83,299.68,0.69,0.3
PXDN,2802.2,1021.23,1727.77,0.93,0.8
COLEC11,599.15,376.17,533.11,0.93,0.85
ADAM17,1053.59,353.33,463.69,0.83,0.74
MATN3,143.74,115.2,208.57,0.88,0.64
SDC1,3214.57,1898.61,3339.24,0.96,0.87
GDF7,192.05,118.8,232.01,0.87,0.7
EMILIN1,3886.05,1358.42,3087.93,0.96,0.74
LTBP1,3898.69,1255.58,3436.56,0.95,0.74
CRIM1,5035.38,2568.28,3451.32,0.81,0.64
VIT,524.71,367.1,474.11,0.8,0.62
EFEMP1,5734.89,2887.29,4956.88,0.9,0.71
BMP10,2739.04,3995.22,11213.0,0.88,0.29
ANXA4,2107.29,307.55,1330.04,0.98,0.7
TGFA,535.32,295.08,439.69,0.89,0.78
CLEC4F,44.64,57.95,104.84,0.53,-0.52
LOXL3,389.83,95.37,254.47,0.94,0.5
SEMA4F,494.54,47.56,246.66,1.0,0.87
REG1B,47.94,14.89,269.84,1.0,0.61
REG3A,18.12,22.39,166.4,0.92,0.53
SFTPB,61801.23,31622.13,106677.49,0.98,0.8
ASTL,19.55,6.79,40.6,0.98,0.28
SEMA4C,2311.01,701.6,839.13,0.88,0.82
VWA3B,69.88,68.73,154.08,0.97,0.79
FBLN7,195.54,81.47,169.13,0.93,0.65
IL1A,31.45,10.14,144.52,1.0,-0.23
IL1B,823.88,170.47,1545.02,0.99,0.58
IL1F10,0.21,0.63,0.62,0.64,-0.05
IL1RN,2870.74,2942.35,4570.3,0.82,0.5
C1QL2,103.07,55.8,171.14,0.98,0.83
CFC1B,0.28,0.58,1.18,0.82,0.03
CFC1,6.95,6.18,10.69,0.88,0.57
TNFAIP6,717.28,608.01,1138.67,0.85,0.42
FRZB,951.82,1481.3,2248.89,0.5,-0.18
COL3A1,17613.28,15974.06,33534.46,0.88,0.62
COL5A2,2659.56,1051.33,2815.48,0.94,0.6
ADAM23,1445.96,380.07,733.34,0.97,0.89
FN1,50062.45,28131.33,56644.69,0.9,0.6
IGFBP2,2910.28,1490.62,4535.65,0.94,0.36
IGFBP5,21599.89,15398.56,21937.98,0.69,0.52
WNT6,57.07,43.63,54.28,0.67,0.42
WNT10A,40.49,16.43,71.61,0.95,0.66
IHH,27.87,32.45,44.37,0.76,0.39
SERPINE2,2559.98,290.54,3030.19,1.0,0.62
COL4A4,1341.58,302.14,989.32,0.97,0.76
COL4A3,2012.85,1312.5,1958.66,0.76,0.62
CCL20,174.7,295.64,1345.8,0.96,-1.61
COL6A3,13700.34,4762.59,17255.04,0.96,0.35
GPC1,8137.44,2521.32,4387.0,0.89,0.71
SNED1,2090.06,941.4,1464.83,0.83,0.53
CRELD1,2956.37,676.49,1173.9,0.92,0.77
TIMP4,683.16,240.19,597.1,0.95,0.61
FBLN2,7643.51,1165.71,6760.95,0.99,0.83
WNT7A,108.69,60.23,103.76,0.93,0.77
COLQ,571.33,375.07,643.58,0.65,0.23
NGLY1,1772.92,405.6,627.14,0.89,0.72
TGM4,6.8,7.62,11.58,0.94,-0.4
CLEC3B,924.7,546.37,764.62,0.83,0.69
TDGF1,29.13,18.16,143.07,0.99,-0.42
CSPG5,656.36,113.14,1228.71,1.0,0.58
PLXNB1,5267.99,1927.08,2984.91,0.89,0.79
COL7A1,1923.16,593.4,1437.57,0.96,0.68
P4HTM,2011.95,436.65,723.02,0.96,0.87
LAMB2,13731.13,4091.37,6557.04,0.92,0.82
MST1,2852.68,1031.81,4474.31,0.99,0.82
SEMA3F,1665.24,304.91,2220.3,0.99,0.21
SEMA3B,2936.67,415.56,2142.53,0.99,0.75
HYAL3,157.37,62.24,96.3,0.87,0.68
HYAL1,1746.44,736.75,1017.31,0.93,0.85
HYAL2,3339.06,1533.78,2569.32,0.93,0.74
SEMA3G,1883.53,1025.84,1949.91,0.84,0.45
ITIH1,3722.61,612.98,5353.56,1.0,0.9
ITIH3,4306.85,2567.44,7682.94,0.99,0.83
ITIH4,13258.16,1373.89,22207.51,1.0,0.79
WNT5A,280.68,127.46,246.11,0.9,0.6
ADAMTS9,2362.37,1921.94,3115.9,0.79,0.43
COL8A1,2166.09,918.44,1398.34,0.93,0.86
ABI3BP,2817.25,1360.15,2220.15,0.92,0.8
IMPG2,32.79,9.79,20.76,0.86,0.26
ZPLD1,5.04,8.91,12.62,0.96,0.25
FSTL1,11264.94,4395.14,7471.09,0.93,0.79
CSTA,664.93,354.02,653.53,0.91,0.72
SEMA5B,338.2,161.57,284.19,0.92,0.77
PLXNA1,3671.77,1059.5,1529.05,0.92,0.82
PLXND1,5709.89,1708.11,2615.73,0.91,0.79
COL6A5,163.05,244.36,351.38,0.85,0.44
COL6A6,939.82,615.34,1141.58,0.93,0.74
KY,94.38,40.74,163.09,0.95,0.33
PCOLCE2,2294.35,407.31,2299.76,0.99,0.81
PLOD2,1275.57,131.91,1478.47,1.0,0.35
IGSF10,935.79,665.53,1115.06,0.88,0.75
IL12A,41.29,32.19,148.77,0.93,-2.21
OTOL1,0.28,0.52,1.12,0.83,0.17
SERPINI2,23.95,12.94,30.86,0.95,0.65
TNFSF10,3876.42,1815.57,5409.38,0.92,0.34
VWA5B2,994.15,303.16,781.54,0.99,0.91
THPO,157.51,70.49,164.36,0.95,0.69
CHRD,3319.6,1044.26,2116.7,0.97,0.87
HRG,3274.27,1097.54,8807.83,1.0,0.74
KNG1,2861.39,1176.14,8055.94,0.99,0.58
ADIPOQ,135.16,176.79,1144.73,0.94,-1.77
MASP1,1744.06,887.52,1834.88,0.93,0.72
FGF12,1843.99,872.62,1931.0,0.94,0.73
CPN2,796.4,145.51,2199.1,1.0,0.58
MUC20,517.03,260.92,656.4,0.92,0.68
MUC4,351.99,336.14,842.54,0.94,0.72
SPON2,3081.57,1268.87,3031.57,0.89,0.41
S100P,2923.79,2104.73,5232.27,0.9,0.5
HTRA3,3617.29,1713.91,3686.55,0.94,0.7
C1QTNF7,239.48,156.5,280.31,0.91,0.68
FGFBP1,36.0,2.28,237.23,1.0,0.31
FGFBP2,699.74,559.6,1015.66,0.9,0.65
SLIT2,1942.07,841.37,1775.86,0.96,0.81
LGI2,301.39,179.38,241.06,0.85,0.71
IGFBP7,13592.41,5104.7,7283.46,0.92,0.85
MUC7,112.25,145.8,2572.62,0.99,-85.76
AMBN,0.25,0.55,1.47,0.64,-1.86
ADAMTS3,135.62,73.25,170.43,0.85,0.45
CXCL8,4969.53,5305.43,17579.4,0.92,0.01
PF4V1,24.05,35.26,55.29,0.75,0.27
CXCL1,619.0,471.1,2276.2,0.96,0.29
PF4,683.37,431.57,813.65,0.93,0.82
PPBP,916.42,804.64,2210.93,0.89,0.34
CXCL5,203.97,173.46,965.64,0.96,-0.26
CXCL3,277.81,72.99,539.93,0.99,0.46
CXCL2,2075.04,1128.38,4479.14,0.96,0.26
EREG,188.55,126.69,346.35,0.94,0.23
AREG,781.13,695.38,1667.02,0.84,-0.39
BTC,64.12,11.09,81.03,0.99,0.64
CXCL10,233.07,479.08,1898.39,0.68,0.1
CXCL13,64.6,22.16,813.53,1.0,-0.14
FRAS1,754.99,463.13,859.09,0.85,0.6
ANXA3,4675.5,729.98,4983.48,0.99,0.7
FGF5,54.0,1.95,95.92,1.0,0.74
BMP3,38.75,26.88,57.09,0.94,0.7
HPSE,951.83,358.6,2338.84,0.98,-0.05
SPARCL1,33094.16,11311.16,17621.22,0.91,0.8
DSPP,0.85,1.37,1.76,0.32,-0.22
DMP1,1.64,3.03,5.33,0.61,-1.42
IBSP,3.79,11.78,16.93,0.64,-1.12
MEPE,16.63,17.72,40.73,0.94,0.63
SPP1,6522.8,6708.77,46296.71,0.95,0.52
MMRN1,575.91,470.36,952.34,0.88,0.31
EMCN,1403.1,518.21,1320.72,0.94,0.59
NPNT,2860.26,1438.3,2641.65,0.96,0.85
COL25A1,65.86,40.91,176.54,0.92,-0.33
EGF,1107.81,512.66,1302.87,0.95,0.59
PRSS12,171.51,144.45,247.51,0.92,0.75
NDNF,641.56,226.11,608.39,0.97,0.82
ANXA5,10032.44,1568.69,4276.36,0.97,0.78
IL2,1.95,3.51,5.02,0.66,0.34
FGF2,768.86,180.03,684.89,0.98,0.67
IL15,343.62,110.37,171.53,0.87,0.7
FREM3,29.62,7.33,124.87,1.0,0.42
HHIP,369.4,157.5,782.78,0.97,0.5
SFRP2,1091.28,572.11,3308.67,0.98,0.47
FGB,32508.59,15958.42,52524.32,0.99,0.89
FGA,45741.08,34076.03,109245.79,0.98,0.75
FGG,28440.42,15324.99,60644.42,0.99,0.79
CTSO,1220.86,362.01,517.85,0.91,0.82
PDGFC,550.98,136.59,301.46,0.92,0.63
TLL1,223.3,113.49,166.52,0.95,0.87
SPOCK3,274.36,50.23,518.68,1.0,0.64
ANXA10,81.29,43.89,217.74,0.99,0.65
ADAM29,6.96,5.66,14.14,0.93,0.42
VEGFC,429.79,240.8,347.44,0.88,0.73
ADAMTS16,169.49,126.7,321.92,0.94,0.68
SEMA5A,1091.86,526.83,896.5,0.84,0.65
ADAMTS12,258.98,142.39,288.91,0.93,0.65
C1QTNF3,299.11,145.48,246.45,0.89,0.69
GDNF,191.47,281.17,519.89,0.7,0.1
EGFLAM,863.54,484.54,686.4,0.88,0.73
CCL28,105.06,35.13,116.83,0.94,0.34
FGF10,48.6,40.53,70.13,0.82,0.51
FST,526.89,260.91,1047.76,0.97,0.05
ESM1,259.01,368.74,1850.66,0.76,0.12
ADAMTS6,105.56,63.29,142.34,0.89,0.31
S100Z,36.66,23.13,37.95,0.89,0.71
CRHBP,280.71,115.44,790.75,0.98,0.31
THBS4,3140.3,1456.6,5109.04,0.97,0.61
VCAN,8709.06,6063.52,7813.94,0.75,0.54
HAPLN1,65.0,23.4,206.84,0.98,0.25
EDIL3,1131.2,604.67,791.01,0.87,0.84
SEMA6A,1464.99,703.77,1070.54,0.87,0.71
LOX,1187.33,466.77,1530.96,0.97,0.63
MEGF10,333.19,238.88,344.33,0.85,0.73
FBN2,272.48,261.53,512.94,0.83,0.54
ADAMTS19,36.82,34.08,41.42,0.7,0.6
IL3,0.23,0.47,1.15,0.57,-0.11
CSF2,6.8,5.96,19.12,0.97,0.53
P4HA2,1312.88,324.93,1001.91,0.95,0.72
IL4,2.78,2.95,6.34,0.85,-0.15
GDF9,35.34,17.55,24.91,0.77,0.55
CXCL14,2060.51,1511.16,2764.37,0.84,0.67
IL9,0.6,0.92,1.72,0.7,-0.27
TGFBI,4537.34,2402.48,3416.72,0.73,0.52
SPOCK1,3618.98,1785.9,2286.36,0.92,0.87
WNT8A,3.26,3.09,5.52,0.89,0.64
NRG2,323.29,132.35,274.87,0.96,0.75
HBEGF,1886.9,934.35,1772.51,0.87,0.55
FGF1,1750.9,797.2,2375.05,0.95,0.66
IL17B,10.49,8.87,16.5,0.73,0.23
ANXA6,12518.06,3303.83,4301.43,0.75,0.59
SPARC,31684.54,11946.83,25074.69,0.91,0.63
MFAP3,537.35,178.88,232.53,0.77,0.7
ADAM19,3127.86,1498.78,2279.28,0.83,0.62
IL12B,2.96,2.07,6.47,0.88,0.23
C1QTNF2,134.93,61.33,100.63,0.9,0.71
SLIT3,3774.87,1110.49,3114.13,0.96,0.72
FGF18,156.69,72.16,235.0,0.96,0.5
F12,1522.99,993.95,3066.87,0.98,0.8
COL23A1,425.15,164.25,442.39,0.93,0.51
ADAMTS2,2197.27,793.8,1560.88,0.93,0.68
SERPINB1,11637.52,501.7,13325.9,1.0,0.72
SERPINB6,6783.28,1470.15,2786.23,0.9,0.66
F13A1,2553.17,1508.61,2891.93,0.8,0.3
BMP6,403.07,21.69,506.69,1.0,0.24
MUC22,4.07,7.04,9.91,0.49,-0.54
LTA,72.07,18.52,69.23,0.98,0.7
LTB,1670.15,1110.67,1939.47,0.91,0.74
VWA7,426.5,144.15,301.76,0.89,0.54
TNXB,6355.6,2851.31,3849.58,0.89,0.79
EGFL8,744.78,115.16,377.52,0.98,0.7
COL11A2,656.68,209.94,669.27,0.98,0.77
SCUBE3,203.87,120.5,414.55,0.91,0.4
VEGFA,12294.32,4310.74,11913.95,0.9,0.21
MEP1A,2.91,3.04,5.66,0.77,-0.31
IL17A,0.77,1.92,5.59,0.86,-0.7
IL17F,0.52,0.87,2.77,0.95,-0.2
TINAG,56.83,13.65,241.39,1.0,0.69
BMP5,347.73,203.62,306.3,0.91,0.73
COL21A1,638.27,401.52,625.88,0.79,0.55
EYS,35.42,19.91,24.34,0.65,0.4
COL19A1,108.94,57.11,211.0,0.94,0.28
COL9A1,240.24,178.42,770.76,0.89,0.3
CD109,891.49,548.68,987.35,0.85,0.42
COL12A1,2840.0,1614.83,2663.75,0.8,0.56
IMPG1,34.05,17.16,31.01,0.87,0.61
LAMA4,3307.56,561.48,2165.23,0.99,0.82
COL10A1,24.94,24.57,69.34,0.94,-0.41
RSPO3,393.94,236.28,434.09,0.89,0.57
LAMA2,6862.78,3119.89,4679.17,0.87,0.73
FNDC1,220.67,177.2,482.3,0.91,0.12
LPA,208.29,178.9,866.12,0.97,0.25
PLG,3216.36,414.68,5656.11,1.0,0.86
SMOC2,1782.15,1187.11,2220.46,0.83,0.24
THBS2,2753.37,234.07,4654.42,1.0,0.2
FAM20C,2634.85,1160.12,1473.25,0.78,0.63
ELFN1,261.36,103.49,348.95,0.95,0.38
GRIFIN,0.64,0.89,1.05,0.58,0.2
COL28A1,390.28,241.15,542.87,0.84,0.27
VWDE,72.57,77.66,153.35,0.88,0.36
IL6,696.64,918.3,2887.59,0.96,-0.13
BMPER,404.33,191.03,328.04,0.89,0.67
SFRP4,700.17,314.14,1896.45,0.97,0.37
INHBA,536.29,491.79,962.91,0.82,0.47
AEBP1,11037.54,3049.77,8866.86,0.97,0.75
IGFBP1,1625.34,1369.22,7443.61,0.98,0.08
IGFBP3,6381.44,3449.46,7458.88,0.93,0.58
VWC2,633.26,247.38,389.17,0.97,0.92
ELN,8963.01,6402.36,11544.12,0.87,0.52
CCL26,14.87,12.99,56.31,0.88,-0.16
CCL24,16.55,29.47,53.84,0.74,-2.0
POMZP3,326.46,141.21,166.32,0.57,0.32
FGL2,2572.17,666.58,2367.7,0.97,0.64
SEMA3C,1257.57,492.96,991.61,0.9,0.65
HGF,937.6,571.56,776.6,0.88,0.71
SEMA3E,58.41,42.21,86.4,0.88,0.62
SEMA3A,182.76,102.45,237.55,0.92,0.48
SEMA3D,139.45,53.93,202.69,0.97,0.48
ADAM22,1662.37,243.0,975.93,1.0,0.96
COL1A2,20112.42,6165.69,24356.47,0.98,0.7
GPC2,70.43,34.17,50.25,0.87,0.4
PCOLCE,2275.75,900.36,1426.05,0.93,0.81
EPO,85.41,98.69,322.12,0.98,0.48
MUC3A,681.01,444.81,1532.81,0.93,-0.27
MUC12,16.9,10.97,19.23,0.89,0.63
MUC17,2.65,2.61,8.06,0.97,0.36
SERPINE1,10048.34,1589.26,26208.43,1.0,0.28
PLOD3,2024.37,375.61,823.25,0.94,0.78
COL26A1,270.02,55.66,277.83,1.0,0.89
RELN,2189.94,688.92,2363.72,0.99,0.89
LAMB1,9783.42,3391.56,7150.63,0.94,0.73
LAMB4,14.55,6.84,41.7,0.96,-0.39
WNT2,201.55,66.35,273.06,0.99,0.72
WNT16,19.19,13.8,34.6,0.8,-1.63
HYAL4,53.26,49.19,97.07,0.87,0.64
SPAM1,3.97,4.94,11.66,0.83,-0.04
LEP,87.12,200.24,286.04,0.64,-0.05
KCP,180.95,98.7,525.05,0.97,-0.01
PLXNA4,860.1,261.3,520.37,0.96,0.83
PTN,2066.03,503.95,1636.39,0.98,0.78
CLEC2L,264.79,152.82,210.69,0.96,0.91
CLEC5A,257.74,226.8,428.4,0.82,0.32
PRSS1,226.05,109.58,1091.44,0.98,0.4
PRSS2,244.32,23.95,559.49,1.0,0.71
SHH,138.84,43.03,197.4,0.99,0.68
ANGPT2,419.62,241.84,623.58,0.89,0.26
CTSB,31718.01,10341.29,14975.1,0.83,0.65
FGF17,550.36,119.09,503.21,1.0,0.9
SFTPC,37690.14,15865.15,80574.26,0.99,0.77
BMP1,2125.64,821.12,1469.85,0.85,0.5
LOXL2,589.09,176.57,608.58,0.96,0.56
ADAM28,246.33,169.71,244.01,0.77,0.46
ADAMDEC1,27.94,20.63,215.79,0.91,0.02
ADAM7,0.74,0.8,4.75,0.95,0.11
NRG1,244.58,169.05,395.59,0.8,-0.07
HTRA4,29.68,8.91,74.77,0.99,0.44
ADAM9,3768.68,977.96,1694.88,0.92,0.79
ADAM32,38.06,16.04,25.07,0.89,0.57
ADAM18,0.68,2.53,4.43,0.65,-0.82
ADAM2,0.47,0.63,1.58,0.94,0.71
SFRP1,1447.38,1183.7,2654.36,0.85,0.57
PLAT,1525.64,1091.0,2512.56,0.86,0.27
PXDNL,1007.69,513.32,972.46,0.95,0.82
SULF1,978.84,326.28,1037.4,0.96,0.59
SBSPON,250.88,57.84,283.62,0.98,0.59
CRISPLD1,155.55,37.89,313.69,0.99,0.6
IL7,63.76,48.02,62.22,0.88,0.58
MMP16,226.03,106.86,150.92,0.93,0.87
GDF6,63.84,56.65,120.74,0.87,0.47
SDC2,3000.08,1135.62,1574.1,0.88,0.79
MATN2,2317.26,390.32,2848.17,0.99,0.75
CTHRC1,162.12,128.32,379.16,0.91,0.52
ANGPT1,734.62,396.8,745.67,0.91,0.67
RSPO2,174.83,121.64,215.73,0.92,0.75
COLEC10,64.06,10.35,150.54,1.0,0.66
COL14A1,2076.92,1337.73,3006.7,0.87,0.53
ANXA13,19.17,9.41,68.85,0.99,0.34
COL22A1,127.67,94.31,274.11,0.93,0.19
INSL6,1.19,1.77,2.59,0.43,-0.53
FREM1,550.32,222.92,550.95,0.94,0.7
ADAMTSL1,189.14,99.26,241.42,0.86,0.6
IFNA21,1.95,1.57,2.64,0.91,0.72
IFNA4,0.07,0.32,0.48,0.54,0.18
IFNA17,0.09,0.33,0.81,0.54,-0.19
IFNA14,0.11,0.45,0.76,0.62,-0.12
IFNA5,1.18,1.82,1.87,0.45,0.14
IFNA6,1.1,1.35,3.1,0.87,0.61
IFNA13,0.61,0.74,1.86,0.87,0.51
IFNA2,0.55,1.12,1.57,0.7,0.37
IFNA8,0.77,0.83,2.46,0.92,0.48
IFNE,5.94,4.09,18.92,0.96,0.28
IFNK,1.15,1.98,2.85,0.41,-0.22
PRSS3,196.11,66.15,154.47,0.98,0.89
CCL19,365.84,333.71,2383.97,0.94,-0.04
CCL21,1121.12,833.21,2039.56,0.94,0.51
IGFBPL1,12.98,11.49,29.52,0.88,0.2
ANXA1,10921.28,5792.35,9030.31,0.84,0.69
PCSK5,605.51,267.94,343.46,0.84,0.77
CTSL,4528.56,990.78,3743.01,0.96,0.47
SEMA4D,6255.51,2185.0,3119.61,0.89,0.78
OGN,1425.5,251.11,2056.39,1.0,0.79
ASPN,936.85,659.43,1782.73,0.95,0.47
ECM2,818.44,211.98,580.88,0.97,0.8
CTSV,33.71,39.33,103.59,0.87,0.46
COL15A1,3215.19,1486.12,3168.27,0.92,0.74
SVEP1,2787.53,1676.83,2151.88,0.87,0.78
AMBP,9644.08,3987.73,19661.23,0.99,0.81
COL27A1,4480.61,2712.7,4261.81,0.94,0.82
TNC,4361.73,4016.9,11830.43,0.91,0.14
PAPPA,281.2,231.16,433.79,0.85,0.48
MEGF9,4691.38,441.64,3724.98,1.0,0.73
ANGPTL2,2908.0,1627.57,2439.59,0.77,0.49
HMCN2,1130.78,787.51,1142.76,0.76,0.44
LAMC3,1260.38,894.73,1202.13,0.92,0.82
NTNG2,1697.64,468.11,1439.61,0.96,0.71
ADAMTS13,749.46,117.48,560.49,0.99,0.74
ADAMTSL2,2414.88,838.25,2418.82,0.96,0.72
COL5A1,4194.55,780.75,4337.55,0.99,0.73
FCN2,114.44,36.14,274.37,1.0,0.65
FCN1,11768.87,7756.01,11318.89,0.89,0.81
EGFL7,4601.76,2040.28,3114.36,0.86,0.65
ITIH5,1550.74,725.33,1161.22,0.85,0.6
ITIH2,1897.39,1432.2,3604.29,0.98,0.84
C1QL3,95.5,38.11,182.11,0.98,0.47
PLXDC2,3476.92,1495.02,1608.98,0.85,0.81
CXCL12,3960.79,1722.21,3373.7,0.86,0.57
ANXA8L1,95.37,13.38,152.87,1.0,0.61
GDF10,443.67,319.64,680.29,0.9,0.49
GDF2,34.01,7.48,74.31,1.0,0.77
ANXA8,67.0,30.23,159.18,0.98,0.55
MBL2,486.88,451.89,1436.89,0.96,0.67
SRGN,27196.66,14906.91,23735.74,0.92,0.81
COL13A1,678.89,362.53,598.08,0.96,0.88
NODAL,32.53,23.3,65.62,0.8,0.24
ADAMTS14,154.69,154.42,280.06,0.78,0.47
SPOCK2,10080.39,3451.35,5043.36,0.95,0.89
P4HA1,3635.8,2273.79,3006.56,0.71,0.51
ANXA7,5937.13,1115.8,1845.15,0.91,0.77
PLAU,953.47,742.48,1917.18,0.81,0.04
SFTPA2,32605.75,13986.97,69056.32,0.99,0.77
SFTPA1,26185.91,13632.92,52860.79,0.98,0.78
SFTPD,1508.84,849.49,2673.32,0.98,0.79
ANXA11,15921.41,3595.07,5751.4,0.89,0.74
NRG3,142.59,22.09,97.21,1.0,0.95
MMRN2,2154.05,958.63,1255.56,0.83,0.73
FGFBP3,101.4,42.43,48.09,0.88,0.84
LGI1,456.33,14.17,319.64,1.0,0.91
TLL2,142.16,28.53,270.98,0.99,0.31
SLIT1,564.09,306.44,576.61,0.98,0.92
LOXL4,387.87,275.74,898.89,0.85,-0.43
HPSE2,126.03,98.94,173.95,0.9,0.66
WNT8B,6.48,3.01,12.57,0.94,0.12
SEMA4G,681.44,29.96,523.07,1.0,0.87
KAZALD1,262.17,126.44,321.31,0.88,0.24
FGF8,5.31,2.91,7.04,0.9,0.4
COL17A1,129.4,82.91,202.58,0.91,0.43
HABP2,840.55,580.46,1154.24,0.98,0.89
VWA2,38.06,8.99,49.77,0.99,0.6
HTRA1,3964.1,1806.19,2137.66,0.88,0.83
DMBT1,829.68,814.81,5505.59,0.96,-0.35
MMP21,10.41,6.47,8.59,0.74,0.42
ADAM12,150.39,51.92,376.97,0.96,0.33
ADAM8,7778.53,3129.59,4798.5,0.96,0.9
MUC6,142.24,160.25,436.81,0.91,0.12
MUC2,14.52,4.08,140.37,0.99,0.16
MUC5AC,174.91,1579.23,2253.35,0.62,-1.43
MUC5B,342.82,1045.54,1362.61,0.89,0.65
CTSD,43886.92,12806.15,21058.22,0.87,0.66
IGF2,4454.45,1728.47,4682.17,0.93,0.46
INS-IGF2,13.8,9.96,42.45,0.98,0.7
INS,6.12,15.43,33.68,0.81,0.03
MMP26,1.28,1.28,3.48,0.89,0.68
HPX,9004.87,6987.19,17887.29,0.98,0.82
SCUBE2,253.97,196.36,380.11,0.64,-0.41
SPON1,2666.1,232.02,2903.53,1.0,0.57
OTOG,3.73,5.49,8.92,0.91,0.23
NELL1,80.35,20.4,118.71,0.99,0.82
BDNF,143.65,139.49,214.2,0.78,0.29
PAMR1,742.79,470.02,899.49,0.83,0.45
MDK,631.11,223.27,689.36,0.95,0.46
F2,2372.94,827.8,6002.15,0.99,0.7
C1QTNF4,420.56,200.34,393.98,0.97,0.87
PRG3,245.59,0.91,1667.11,1.0,0.41
PRG2,1503.68,669.48,10746.94,1.0,0.19
SERPING1,23202.94,6892.99,13168.59,0.97,0.86
ZFP91,4281.58,893.48,1214.1,0.88,0.79
ZP1,14.78,9.47,16.82,0.89,0.57
VWCE,380.64,274.1,487.77,0.88,0.58
LGALS12,171.18,128.28,205.57,0.88,0.65
VEGFB,4626.2,1172.78,1536.6,0.91,0.84
LTBP3,8292.55,1033.62,3046.66,0.98,0.81
EFEMP2,2925.21,798.87,1200.24,0.93,0.84
CTSW,2136.19,1045.45,3612.91,0.97,0.68
CST6,94.58,57.95,115.77,0.94,0.75
CTSF,4553.04,1339.23,1772.3,0.9,0.82
CLCF1,301.5,220.65,292.34,0.79,0.6
FGF19,3.0,20.13,10.52,0.86,0.19
FGF4,0.33,0.57,9.01,0.97,-66.75
FGF3,34.44,27.02,91.44,0.97,0.6
P4HA3,57.35,36.29,93.49,0.92,0.28
CHRDL2,320.89,304.82,1150.59,0.9,-0.52
SERPINH1,6222.29,3329.81,11199.89,0.95,0.14
WNT11,271.23,156.15,222.99,0.72,0.33
TSKU,1794.34,332.77,3453.79,0.99,0.52
CTSC,4178.93,801.03,3158.24,0.98,0.68
ANGPTL5,42.71,38.62,67.34,0.84,0.36
MMP7,219.52,285.9,1099.15,0.97,0.56
MMP20,0.25,0.53,1.77,0.8,-0.9
MMP27,5.6,2.15,12.31,0.98,0.07
MMP8,3478.2,2952.47,9710.43,0.95,0.68
MMP10,26.41,58.19,364.0,0.97,-1.19
MMP1,85.97,80.57,407.16,0.99,0.38
MMP3,483.14,1051.13,3150.25,0.86,0.02
MMP12,8.1,1.62,49.4,1.0,-0.67
MMP13,3.86,18.88,18.29,0.9,0.49
PDGFD,667.57,235.04,713.8,0.96,0.6
IL18,359.57,96.23,336.09,0.96,0.6
C1QTNF5,1.46,1.4,1.89,0.68,0.36
TECTA,196.02,71.69,104.2,0.86,0.69
VWA5A,822.38,197.62,521.65,0.96,0.71
ST14,974.91,45.05,721.6,1.0,0.84
ADAMTS8,1246.83,961.88,1790.65,0.92,0.69
ADAMTS15,908.11,714.79,957.84,0.78,0.56
WNT5B,152.17,84.59,106.31,0.67,0.51
FGF23,101.89,193.91,679.87,0.85,0.28
NTF3,90.74,57.0,75.07,0.8,0.63
VWF,16832.36,8729.31,11212.3,0.83,0.74
GDF3,3.18,1.48,9.95,0.99,0.14
CLEC4C,15.4,24.73,46.11,0.75,0.38
CLEC4A,518.04,315.44,736.19,0.9,0.57
CLEC4D,767.79,475.22,1358.61,0.96,0.74
CLEC4E,3382.57,1240.76,5505.15,0.98,0.68
MFAP5,1162.93,427.64,1817.43,0.96,0.37
A2ML1,55.07,10.81,70.32,1.0,0.63
A2M,69981.39,35969.29,60176.87,0.94,0.8
PZP,282.33,337.86,1630.14,0.97,-1.37
CLEC2D,890.38,394.62,655.99,0.88,0.68
CLEC12A,1261.27,45.15,3349.87,1.0,0.16
CLEC1B,109.42,46.75,157.07,0.97,0.59
CLEC12B,73.81,80.38,145.8,0.83,0.36
CLEC9A,16.59,8.97,18.5,0.88,0.25
CLEC7A,2382.52,669.55,2208.88,0.97,0.76
MGP,13540.36,7535.32,12357.71,0.9,0.73
MUC19,9.01,7.95,27.34,0.86,0.3
ADAMTS20,1.12,2.79,6.03,0.65,-0.84
NELL2,1228.45,229.88,982.92,1.0,0.92
COL2A1,15.23,140.92,468.03,0.85,-144.93
WNT10B,254.25,39.02,197.15,1.0,0.91
WNT1,14.9,6.96,17.49,0.95,0.71
DHH,17.32,12.59,18.81,0.74,0.44
C1QL4,3.36,5.8,10.46,0.66,-0.57
IGFBP6,1880.68,590.16,1891.28,0.97,0.6
MUCL1,11.89,8.36,499.62,1.0,-94.01
GDF11,944.65,245.39,408.12,0.93,0.82
MMP19,1174.71,820.01,1508.22,0.93,0.58
IL23A,31.45,5.25,41.2,1.0,0.16
INHBE,496.41,24.42,2847.7,1.0,-0.6
IL26,1.1,6.4,9.81,0.41,-12.25
KITLG,1095.97,589.24,1019.65,0.9,0.71
EPYC,1.3,0.98,10.14,1.0,-6.93
KERA,5.45,5.6,39.57,0.99,-1.06
LUM,10271.47,5794.11,10334.49,0.93,0.74
DCN,41838.82,5789.52,29492.19,0.99,0.8
PLXNC1,4684.31,931.01,2892.27,0.99,0.91
NTN4,1837.54,598.8,1318.65,0.93,0.67
HCFC2,960.99,255.15,331.01,0.87,0.79
OGFOD2,439.8,74.31,136.82,0.91,0.71
MMP17,499.27,88.01,502.1,0.99,0.78
IL17D,1130.09,363.82,1467.65,0.97,0.5
FGF9,379.91,97.75,247.37,0.98,0.85
C1QTNF9B,5.68,4.45,7.95,0.7,-0.02
C1QTNF9,31.71,20.25,41.9,0.89,0.34
POSTN,2529.94,1461.86,8923.57,0.96,-1.16
FREM2,354.07,95.34,455.41,0.98,0.56
TNFSF11,5.34,2.31,16.14,0.98,0.02
SERPINE3,7.46,3.99,7.29,0.84,0.58
GPC5,90.05,23.65,96.34,0.99,0.82
GPC6,347.11,192.06,390.66,0.86,0.53
FGF14,406.25,61.24,239.85,1.0,0.93
TNFSF13B,1283.0,838.88,1303.33,0.88,0.77
COL4A1,11619.74,4106.05,10182.07,0.95,0.69
COL4A2,14235.79,1937.43,10573.8,0.99,0.73
F7,589.0,98.2,1283.06,1.0,0.76
F10,724.49,92.16,679.52,1.0,0.79
GAS6,7312.9,1748.48,3214.72,0.92,0.75
MMP14,4018.34,690.49,3394.42,0.99,0.73
IL25,6.28,13.84,18.26,0.65,-0.76
TGM1,266.17,178.28,616.35,0.93,-0.34
CBLN3,2421.1,479.64,2787.97,1.0,0.9
CTSG,1004.72,80.08,2668.34,1.0,0.63
COCH,45.87,20.11,48.88,0.83,0.28
EGLN3,2368.39,858.47,3143.1,0.96,0.56
CLEC14A,1986.26,971.91,1757.43,0.84,0.53
NID2,536.02,236.41,463.56,0.87,0.66
BMP4,420.94,219.84,300.89,0.78,0.6
LGALS3,5813.96,1674.22,2875.1,0.89,0.7
SMOC1,891.06,586.86,850.83,0.85,0.69
ADAM21,17.01,6.22,14.26,0.89,0.43
ADAM20,12.17,6.51,9.49,0.8,0.53
PAPLN,979.51,338.82,821.53,0.95,0.79
LTBP2,7165.9,4264.25,7040.27,0.89,0.64
PGF,414.0,259.16,558.18,0.74,-0.04
TGFB3,1951.3,1526.38,1986.61,0.69,0.41
ISM2,9.76,4.28,14.34,1.0,0.69
FBLN5,6138.93,2459.45,4000.97,0.93,0.83
SERPINA10,1107.95,906.77,2261.62,0.98,0.78
SERPINA6,673.35,329.33,1393.3,0.99,0.79
SERPINA2,2.65,1.92,4.98,0.93,0.37
SERPINA1,102238.78,31100.83,131034.18,0.99,0.86
SERPINA9,1.53,2.6,3.79,0.69,-0.01
SERPINA12,9.69,15.04,72.36,0.89,-3.2
SERPINA4,587.43,376.2,1652.71,0.98,0.7
SERPINA3,22983.94,19196.64,43798.57,0.97,0.74
GREM1,216.21,260.06,1394.99,0.87,-0.13
THBS1,22210.55,6230.98,26511.81,0.99,0.7
TGM5,9.91,6.96,29.14,0.94,-1.63
TGM7,10.97,17.53,57.95,0.92,-0.16
MFAP1,1213.04,301.33,376.78,0.76,0.65
SEMA6D,801.97,370.17,541.59,0.82,0.64
FBN1,4934.7,2148.68,5072.09,0.92,0.65
FGF7,1094.87,393.18,1683.62,0.98,0.37
GLDN,522.45,602.83,812.95,0.71,0.49
ADAM10,3221.03,805.91,1086.09,0.88,0.79
ANXA2,14634.7,4492.93,8141.88,0.92,0.74
CILP,1282.96,912.38,2429.49,0.91,0.45
MEGF11,530.84,244.76,711.97,0.98,0.83
THSD4,1619.62,794.91,1465.08,0.89,0.72
LOXL1,887.61,441.03,1144.88,0.91,0.55
SEMA7A,965.87,526.65,704.19,0.9,0.79
LMAN1L,646.84,500.42,992.83,0.91,0.65
CSPG4,3615.2,1887.42,4043.18,0.88,0.38
NRG4,132.26,42.38,118.22,0.97,0.79
ADAMTS7,1274.42,652.97,1094.62,0.93,0.8
CTSH,6169.62,1692.18,5291.18,0.98,0.79
IL16,3523.88,818.42,1805.12,0.97,0.86
ADAMTSL3,1004.46,460.23,666.03,0.89,0.81
ACAN,80.72,137.74,125.47,0.93,0.44
HAPLN3,703.64,448.85,677.21,0.76,0.41
MFGE8,11615.99,2968.19,6598.52,0.93,0.73
SEMA4B,3318.02,1200.08,1741.11,0.83,0.62
ADAMTS17,389.68,295.23,972.61,0.88,0.14
PCSK6,1020.03,465.64,985.47,0.95,0.65
WFIKKN1,147.53,91.04,148.35,0.89,0.73
C1QTNF8,5.21,6.01,12.0,0.84,0.14
IGFALS,348.56,33.65,919.05,1.0,0.59
NTN3,6.88,4.87,6.51,0.71,0.5
MMP25,13351.03,11732.61,14670.89,0.89,0.82
ZP2,259.72,177.24,523.88,0.97,0.81
VWA3A,372.95,236.06,696.27,0.96,0.74
CTF1,394.2,108.14,218.74,0.92,0.7
CBLN1,2593.42,1046.81,1916.65,0.99,0.96
MMP2,11264.13,1810.05,9935.11,0.99,0.69
OGFOD1,1788.19,606.77,958.12,0.88,0.73
CX3CL1,3770.61,1633.79,6111.46,0.96,0.48
CCL17,13.48,9.89,49.36,0.96,-0.02
MMP15,1811.27,756.52,1516.32,0.89,0.64
CLEC18A,45.3,27.76,124.23,0.97,0.15
CLEC18C,23.9,21.79,231.66,0.98,-1.1
IL34,299.37,187.71,457.22,0.84,-0.03
CLEC18B,44.77,19.04,127.54,0.98,0.49
ADAMTS18,224.12,97.01,334.62,0.99,0.85
CLEC3A,1.55,3.1,29.25,0.98,-5.0
CRISPLD2,5581.35,2973.31,5572.32,0.87,0.61
IL17C,5.75,5.59,28.21,0.69,0.12
SERPINF2,5125.0,1143.96,8673.07,1.0,0.82
SERPINF1,9892.6,4677.59,5750.63,0.82,0.72
FGF11,456.85,196.99,348.57,0.86,0.62
TNFSF12,1941.9,513.63,585.59,0.84,0.78
TNFSF13,2244.43,784.73,1323.1,0.9,0.74
NTN1,2149.42,890.24,2914.9,0.97,0.66
LGALS9C,85.13,133.37,155.6,0.64,0.45
MFAP4,10140.5,5162.31,9864.4,0.95,0.79
LGALS9B,37.97,48.97,109.32,0.87,0.0
LGALS9,2602.57,1371.81,1989.56,0.84,0.72
VTN,11067.98,2743.67,22432.46,1.0,0.78
CCL7,6.21,15.7,33.18,0.87,0.33
CCL11,122.11,173.26,346.3,0.9,0.34
CCL8,33.5,39.54,114.99,0.9,-0.17
FNDC8,1.65,1.81,2.76,0.88,0.17
MMP28,400.47,87.23,348.84,0.98,0.75
CCL5,4698.16,1522.68,6486.47,0.98,0.76
CCL16,209.84,201.9,357.22,0.95,0.85
CCL14,575.81,360.61,614.72,0.86,0.53
CCL15,80.55,71.86,158.92,0.93,0.58
CCL23,91.58,32.84,232.3,0.99,0.12
CCL3L3,119.22,185.83,454.32,0.72,0.22
CCL4L2,287.82,75.22,924.75,0.99,0.38
PLXDC1,1298.24,452.05,828.92,0.9,0.64
CSF3,1380.6,3202.71,13154.4,0.94,-3.03
IGFBP4,18771.54,9833.14,13557.4,0.87,0.74
ADAM11,2492.68,668.2,1695.68,0.99,0.92
C1QL1,170.21,35.93,256.14,0.99,0.65
WNT3,191.68,121.25,187.77,0.89,0.68
WNT9B,21.09,19.07,28.16,0.86,0.25
COL1A1,15701.65,12875.33,33586.96,0.94,0.67
CHAD,310.52,173.65,537.79,0.95,0.03
WFIKKN2,55.46,44.57,84.03,0.83,0.1
CSH2,0.47,1.0,1.66,0.77,0.23
GH2,0.47,2.5,1.78,0.92,0.03
GH1,124.48,1074.82,1546.8,0.55,-10.6
C17orf58,273.67,92.8,158.0,0.86,0.56
FAM20A,1476.4,405.99,1442.5,0.97,0.69
TIMP2,13400.34,2679.83,4620.27,0.96,0.88
C1QTNF1,5637.03,3773.38,9605.28,0.91,0.07
COLEC12,1191.86,474.53,1007.81,0.93,0.7
EMILIN2,2321.94,1163.07,1757.42,0.89,0.78
LAMA1,136.98,67.63,207.67,0.95,0.68
LAMA3,1592.09,1153.35,1487.95,0.9,0.84
MEP1B,5.06,5.18,9.97,0.79,0.13
LMAN1,4112.67,895.56,1741.71,0.94,0.75
CCBE1,500.43,116.06,560.71,0.99,0.73
SERPINB5,15.16,7.48,88.1,0.96,0.17
SERPINB12,0.81,1.5,2.06,0.6,0.15
SERPINB4,24.52,11.88,625.55,0.99,0.38
SERPINB11,6.04,1.32,35.78,1.0,-0.2
SERPINB3,38.29,28.06,759.77,0.98,0.35
SERPINB7,6.55,19.64,38.25,0.69,0.43
SERPINB2,132.81,4.85,445.43,1.0,0.21
SERPINB10,85.51,74.96,291.12,0.95,-0.32
SERPINB8,561.2,137.88,369.56,0.95,0.62
FGF22,37.08,16.82,24.35,0.96,0.9
FSTL3,4120.91,2215.62,3658.69,0.86,0.72
ELANE,2161.8,1601.33,3867.55,0.97,0.81
ADAMTSL5,533.06,156.3,397.27,0.95,0.72
AMH,114.02,58.68,121.12,0.93,0.69
EBI3,60.92,42.73,128.3,0.81,0.23
LRG1,8963.43,3392.72,10490.7,0.98,0.79
SEMA6B,2189.01,432.07,1380.88,0.98,0.84
PSPN,145.25,43.06,65.32,0.94,0.83
TNFSF9,152.52,155.5,181.85,0.84,0.55
TNFSF14,1756.17,1219.54,2634.75,0.92,0.55
CLEC4G,229.62,232.29,854.47,0.9,0.15
CLEC4M,145.94,79.91,351.79,0.98,0.65
CCL25,2.94,3.32,4.52,1.0,0.53
FBN3,102.21,102.5,241.61,0.8,0.49
ANGPTL4,2044.3,1962.12,3472.23,0.78,0.36
ADAMTS10,1242.85,365.42,594.37,0.91,0.74
MUC16,151.33,72.79,372.34,0.99,0.83
COL5A3,3185.63,716.78,2319.4,0.96,0.58
ANGPTL6,79.98,21.99,100.13,0.99,0.86
PODNL1,129.03,67.05,169.67,0.86,0.03
CLEC17A,51.88,11.46,70.12,0.99,0.64
CPAMD8,1135.48,734.9,976.89,0.78,0.65
GDF15,1074.53,1544.11,4731.63,0.89,0.43
CRLF1,1276.0,1150.6,2399.24,0.84,0.32
COMP,1196.71,1789.45,5147.63,0.89,0.14
NCAN,1168.28,556.2,1619.16,0.98,0.84
HAPLN4,613.42,235.07,822.34,0.99,0.81
CILP2,47.19,22.91,210.99,0.98,-0.51
LGI4,2509.44,1093.83,1628.53,0.85,0.72
LGALS4,273.03,398.25,1708.26,0.88,-0.37
LGALS13,0.42,0.82,1.21,0.82,0.48
LTBP4,16764.62,5958.56,10333.27,0.94,0.83
EGLN2,5509.33,1104.02,1821.68,0.94,0.85
TGFB1,8355.78,1288.61,5412.61,0.99,0.8
MEGF8,4070.84,856.83,1428.82,0.97,0.91
ELSPBP1,0.22,0.46,1.07,0.41,-0.6
NTN5,38.56,15.55,30.82,0.92,0.66
NTF4,69.53,50.13,81.12,0.81,0.6
CLEC11A,544.23,146.78,381.11,0.94,0.56
IL11,60.89,9.06,229.95,1.0,-0.74
ANGPT4,30.24,37.55,49.64,0.65,0.14
TGM3,158.73,187.5,484.91,0.9,0.36
TGM6,0.23,0.51,0.67,0.22,0.06
ADAM33,2003.22,1277.36,1479.95,0.8,0.66
BMP2,482.73,313.2,413.37,0.89,0.75
ISM1,188.59,143.97,231.22,0.75,0.45
CST11,0.13,0.24,2.91,0.72,-0.01
CST9L,0.37,0.74,2.79,0.92,-0.21
CST9,0.41,0.66,9.89,1.0,-8.37
CST3,23110.76,6661.48,10137.92,0.89,0.75
CST2,3.96,7.47,22.09,0.86,-3.3
CST5,4.65,4.65,10.41,0.92,0.52
CST7,12427.71,6297.18,19887.13,0.95,0.59
MMP24,804.29,298.95,606.0,0.99,0.93
GDF5,23.36,44.91,147.38,0.78,-2.03
TGM2,33795.86,13269.48,29358.19,0.93,0.67
EMILIN3,172.12,88.0,249.82,0.94,0.55
PI3,1308.77,966.94,5913.66,0.97,-0.03
SLPI,5344.91,5821.74,8501.86,0.82,0.38
MATN4,13.03,18.33,28.16,0.92,0.43
SDC4,6675.07,4366.17,5511.81,0.78,0.53
CTSA,5388.55,1513.33,3074.1,0.86,0.56
MMP9,10552.17,10011.14,18656.98,0.88,0.49
SULF2,2761.02,743.27,1931.92,0.89,0.37
CBLN4,119.29,61.15,257.47,0.98,0.71
BMP7,644.02,239.96,523.82,0.96,0.81
CTSZ,8678.61,1767.98,3864.94,0.95,0.77
LAMA5,12247.11,3183.0,6724.36,0.96,0.77
COL9A3,488.93,156.42,641.26,0.97,0.56
COL20A1,156.44,43.89,280.74,0.99,0.64
TMPRSS15,0.66,1.33,2.0,0.54,0.21
ADAMTS1,9104.18,5916.7,7645.88,0.77,0.61
ADAMTS5,455.27,217.23,463.6,0.86,0.35
CSTB,4537.72,627.32,2437.63,0.97,0.58
TSPEAR,63.49,80.74,144.8,0.75,0.25
COL18A1,9505.12,3237.56,5240.42,0.91,0.79
COL6A1,20018.22,6086.33,9163.21,0.92,0.82
COL6A2,22941.8,3730.71,10786.19,0.99,0.87
S100B,2728.14,1577.1,3064.92,0.95,0.83
SERPIND1,1105.36,429.21,1752.84,0.99,0.9
MMP11,177.43,10.27,363.47,1.0,-0.43
EMID1,490.21,173.89,372.25,0.95,0.77
LIF,1168.04,1656.62,5438.49,0.89,-2.36
OSM,1369.24,1088.76,2113.02,0.93,0.73
PIK3IP1,3448.88,1498.32,1951.44,0.78,0.56
TIMP3,37673.73,16314.5,32176.89,0.93,0.71
C1QTNF6,490.46,203.6,380.29,0.85,0.43
ELFN2,17.93,11.79,30.53,0.97,0.79
ELFN2.1,480.34,87.24,510.91,1.0,0.91
LGALS1,11829.71,4291.59,6093.67,0.72,0.52
PDGFB,1560.93,714.39,1345.88,0.89,0.5
CHADL,270.23,124.18,319.85,0.9,0.46
SCUBE1,494.41,124.79,715.02,0.99,0.56
FBLN1,17493.78,8681.1,15013.18,0.93,0.8
WNT7B,126.14,111.04,168.06,0.86,0.62
CRELD2,1311.34,415.69,903.15,0.91,0.44
PLXNB2,10460.65,2421.74,3526.06,0.95,0.88
MXRA5,990.67,889.13,1623.39,0.85,0.58
EGFL6,379.34,325.13,771.22,0.94,0.47
SRPX,1898.17,635.77,1825.29,0.95,0.64
NYX,1.41,1.05,5.69,0.97,0.15
TIMP1,15369.91,10641.7,18098.33,0.85,0.42
ITIH6,55.17,60.95,84.87,0.81,0.57
EDA,408.07,150.64,260.89,0.92,0.79
FGF16,3.99,3.97,10.1,0.71,0.21
SRPX2,823.53,532.88,809.2,0.83,0.59
SERPINA7,319.21,164.42,716.34,0.99,0.79
COL4A6,364.11,137.58,383.97,0.93,0.6
COL4A5,983.54,350.08,645.37,0.88,0.71
CHRDL1,2419.23,813.17,2149.7,0.97,0.78
GPC4,1251.62,459.71,1005.16,0.93,0.63
GPC3,2114.89,1386.42,2150.62,0.92,0.8
FGF13,587.83,60.88,501.01,1.0,0.78
F9,1311.58,747.92,2057.79,0.99,0.87
BGN,19668.7,9092.06,14736.42,0.92,0.79
PLXNB3,984.79,344.12,658.67,0.97,0.91
HCFC1,3969.81,979.27,1154.46,0.8,0.72
PLXNA3,2801.33,855.23,1441.33,0.94,0.82
